Date,Conference,Session,Country,Groupe of Country,Signals,Keywords,"Notes ",ID
"September 19, 2025",HRC 60,General Debate- Item 3,Algeria,AFG,"Western Sahara ; Genocide Palestine ","Palestinian People, Western Sahara",,3
"September 19, 2025",HRC 60,General Debate- Item 3,Ukraine,"EEG, Lublin Triangle","Ukrainian Children return needs international cooperation; ",Ukrainian Children,,4
"September 19, 2025",HRC 60,General Debate- Item 3,Iran,APG,"Right to development foreign occupation unilateral measure undermine the right  ar,ing vulnerable groups and gaza situation but mostly right of development ","Palestinian People, RTD, Unilateral measure",,7
"September 19, 2025",HRC 60,General Debate- Item 3,UAE,APG,Candidacy; Right to have a Family Life,"HRC Candidacy, Promotion",,8
"September 19, 2025",HRC 60,General Debate- Item 3,Russia,EEG,Hatred against Russia; Russiophobia; disinformation campaign; Ban of Russian media,Russophobia,,6
"September 19, 2025",HRC 60,General Debate- Item 3,Nepal,APG,Right to development,"Promotion, RTD",,9
"September 19, 2025",HRC 60,General Debate- Item 3,Azerbaidjan,EEG,Right to development,RTD,,10
"September 19, 2025",HRC 60,General Debate- Item 3,Iraq,APG,Calls on Srs to end genocide war crime end crime against humanity,"Crime against Humanity, Genocide, War Crime",,11
"September 19, 2025",HRC 60,General Debate- Item 3,"Maleysia, NAM",APG,Creation of Ombudsman Institution; protection of whistleblowers,Promotion,,14
"September 19, 2025",HRC 60,General Debate- Item 3,Armenia,EEG,Permanent representative elected at bureau ECOSOC,"ECOSOC, Promotion",,12
"September 19, 2025",HRC 60,General Debate- Item 3,Belarus,EEG,"Human Right System should be reorganized; Promotion of western ideology; ",Sovereignty,,13
"September 19, 2025",HRC 60,General Debate- Item 3,ONU Sida,UN,Liquidity crisis,Liquidity Crisis,,15
"September 19, 2025",HRC 60,General Debate- Item 3,Egypt,AFG,Move away from double standards; Condemn Genocide; Preparing to become a member of the Council;,"Double Standards, Genocide, HRC Candidacy, Palestinian People",,16
"September 19, 2025",HRC 60,General Debate- Item 3,"APG, Bahrein",APG,Establish an NHRI,"ICCPR, RTD",,17
"September 19, 2025",HRC 60,General Debate- Item 3,Nigeria,AFG,Value collaboration with partners,RTD,,18
"September 19, 2025",HRC 60,General Debate- Item 3,India,APG,"No finger pointing; Global South need (Support ?) from the council ; no finger pointing; ","Double Standards, Global South, RTD",,19
"September 19, 2025",HRC 60,General Debate- Item 3,Venezuela,GRULAC,Accompanied victims of enforced disappearance in Salvador; US sanctions is threatening the stability in the region; Urge to condemn the actions of the US,"Condemn the US, Enforced disappearence, Unilateral measure",,20
"September 19, 2025",HRC 60,General Debate- Item 3,Serbia,EEG,Migrant status; human right based approach,"HR Based Approach, Migrant Status",,22
"September 19, 2025",HRC 60,General Debate- Item 3,Afghanistan,APG,"Restriction of internet access; Seeking for support; ",Seek support,,23
"September 19, 2025",HRC 60,General Debate- Item 3,Jordan,APG,Occupation of Palestine is an agression,"Palestinian People, RTD",,24
"September 19, 2025",HRC 60,General Debate- Item 3,Uganda,AFG,The election will be protected by the law,Promotion,,25
"September 19, 2025",HRC 60,General Debate- Item 3,Tunisia,AFG,Legally Binding Instrument for RTD,RTD,,26
"September 19, 2025",HRC 60,Side Event - Balancing Freedom of Expression and Freedom of Religion of Belief online,"PM Switzerland, PR Albania","EEG, WOEG",Focused on Hate speech a lot of promotion;,"Freedom of Religion, Freedom of Speech",,27
"September 19, 2025",HRC 60,Side Event - Addressing The use of military and security enterprises in protection exploitation and conservation of natural ressources,"NGO Trial Int., UNWG on Mercenaries","NGO, OHCHR","Call for Legally Binding Instrument to regulate military ; Trial calls extraterritorial jurisdiction; universal jurisdiction; remedies ","Extraterritorial jurisdiction, LBI on military, Mercenaries, Military, Universal jurisdiction",,29
"September 19, 2025",HRC 60,General Debate- Item 3,Cyprus,"APG, WOEG",Northern Cyprus,"Northern Cyprus, Occupied territories",,28
"September 19, 2025",HRC 60,General Debate- Item 3,Republique of Korea,APG,Japan crimes against Humanity,Crime against Humanity,,30
"September 19, 2025",HRC 60,General Debate- Item 3,Turkyie,APG,Judicial independence ;  NHRI has effective remedy ;  Turkey Cypriote island occupied territories of Cyprus,"Judicial independence, Northern Cyprus, Occupied territories",,31
"September 19, 2025",HRC 60,General Debate- Item 3,Armenia,EEG,Armenia right to reply of Azerbaijan critique that Azeris takes only recommendations of the working group ; ask for the freedom of their citizen,"Arbitrary Detention, WGAD",,32
"September 19, 2025",HRC 60,General Debate- Item 3,Sudan,AFG,Reject the statement of WGAD ;   The report does not reflect the reality on the ground and that the organization Is qualifying mercenaries people has their on people ; Alleged used of force ; Rejected accusation of Human Right violation ;  Paid organization that lack objectivity,"HR Violations, Mercenaries, WGAD",,33
"September 19, 2025",HRC 60,General Debate- Item 3,Lithuania,EEG,Transnational repression of Belarus people ; Lithuania safeguards refugee from Belarus,Transnational Repression,,34
"September 19, 2025",HRC 60,General Debate- Item 3,Thailande,APG,Justification of arrest of Cambodian soldiers saying that detention was not arbitrary and will be released when they  make sure they won t represent a threat anymore they argue that it is compliant with international law,"Extraterritorial jurisdiction, Transnational Repression, WGAD",,35
"September 19, 2025",HRC 60,General Debate- Item 3,China,APG,"Ngo’s remarks Hong Kong firm opposition ; UK applies false claims against China ;   [X] sold his loyalty for Anti-China and reprisals are in accordance with the law of China ; No persecution on the base of freedom of religion 
Stop shielding Hong Kong narrative","Freedom of Religion, Hong-Kong, N/S, WGAD",,36
"September 23, 2025",HRC 60,General Debate - Item 4,Pakistan,APG," Unhelpful use of country specific mandate ;  Genocide Palestine ;  Urge attention on other occupied territories","Country Specific Mandate, Genocide, Occupied territories, Palestinian People",,37
"September 23, 2025",HRC 60,General Debate - Item 4,"GRULAC, Venezuela",GRULAC,Principle of sovereignty ; Lack of consent of the states  ; Unilateral coercive measure ; Use of force and threat of use of force including crimes against humanity,"Consent of state, Country Specific Mandate, Crime against Humanity, Sovereignty, Unilateral measure",,51
"September 23, 2025",HRC 60,General Debate - Item 4,"NAM, Uganda",AFG,"Council need to address HR violations with impartiality,; Concern of selective approach country specific mandate; Prevent double standards ","Country Specific Mandate, Double Standards, OIN",,50
"September 23, 2025",HRC 60,General Debate - Item 4,"LMDC, Venezuela",GRULAC,Reject politicization of general item 4  resolution ;  Council lack of efficiency ; Proliferation of name and shame;  Launch an appeal to promote constructive dialogue to constructive dialogue with the reality of the country,Politicization,,49
"September 23, 2025",HRC 60,General Debate - Item 4,Iran,APG,West countries target some country at general debate item 4; Imposing sanctions,"N/S, Unilateral measure",,48
"September 23, 2025",HRC 60,General Debate - Item 4,France,WOEG," Firm support for Ukrainian ; Firm support for Russian and Belarussian civil society : Yesterday recognized the Genocide in un New York ; Free 3 French arbitrary detained in Iran","Arbitrary Detention, Genocide, Palestinian People",,47
"September 23, 2025",HRC 60,General Debate - Item 4,Cyprus,WOEG,Hamas must release hostages but gaza strip should remain intact withraw of Cyprus support with journalist,"Hamas, Palestinian People",,46
"September 23, 2025",HRC 60,General Debate - Item 4,Cuba,GRULAC,Rejection of politicly mandate country specific in global south ; Threats against Venezuela by US ,"Country Specific Mandate, Global South, Politicization",,45
"September 23, 2025",HRC 60,General Debate - Item 4,Ethiopia,AFG,All mandate specific mention ; UPR implementation should come with technical assistance and capacity building,"Capacity Building/Technical Assistance, Country Specific Mandate",,44
"September 23, 2025",HRC 60,General Debate - Item 4,China,APG," Against imposition of country specific ; Plus Hong Kong situation","Country Specific Mandate, Hong-Kong",,43
"September 23, 2025",HRC 60,General Debate - Item 4,"Suisse, Swiss",WOEG," Concern about Freedom of Speech in China and Honk Kong,; Condemn attacks in Sudan ; Occupied Palestinian territory, ","Freedom of Speech, Hong-Kong, N/S, OPT, Occupied territories",,42
"September 23, 2025",HRC 60,General Debate - Item 4,Republique of Korea,APG,Belarus concern detained on political grounds ; Supports Syria in the field of HR ;  Nicaragua withdraw from the HR council is deeply regretfully,"Arbitrary Detention, Support",,41
"September 23, 2025",HRC 60,General Debate - Item 4,"Czech, EU",EEG," Russia war ;  Named arbitrary detained people and release of human right defenders ; Nicaragua call of release of arbitrary detained ; Cuba same immediate release of political prisoners ","Arbitrary Detention, N/S",,40
"September 23, 2025",HRC 60,General Debate - Item 4,Georgia,EEG,"Concern about Venezuela and Nicaragua; Georgia illegally occupied territories,","N/S, Occupied territories",,38
"September 23, 2025",HRC 60,General Debate - Item 4,Japan,APG,Mostly China ;  issue of abduction ;  letting  Korea people going back to their home,N/S,,39
"September 23, 2025",HRC 60,General Debate - Item 4,Pays-Bas,WOEG,Gaza suffering humanitarian aid ; Soudan profoundly concerning should cooperate with the fact finding mission ; Russia return people china implement upr recommendation,"Country Specific Mandate, N/S",,52
"September 23, 2025",HRC 60,General Debate - Item 4,Algeria,AFG,State sovereignty ;  Reject selectivity politicisation double standard; Concerns of efficiency of certain mandate,"Country Specific Mandate, Double Standards, Politicization, Sovereignty",,53
"September 23, 2025",HRC 60,General Debate - Item 4,Maldives,APG,"Genocide against Palestinian ; Myanmar situation; Indépendance of the council ","Genocide, Misuse of Council, N/S, Palestinian People",,54
"September 23, 2025",HRC 60,General Debate - Item 4,Allemagne,"EEG, WOEG","Russia must stop oppressing people and civil society, hamas must release hostages ; West bank situation ","Hamas, N/S",,55
"September 23, 2025",HRC 60,General Debate - Item 4,Sudan,AFG,"Reject double standards ;  Misuse of the council ; ","Double Standards, Misuse of Council",,56
"September 23, 2025",HRC 60,General Debate - Item 4,Qatar,APG,"Welcome the roadmap agreed with Syria us and Jordan ; End Israeli an occupation ","Promotion, Support",,57
"September 23, 2025",HRC 60,General Debate - Item 4,Malawi,AFG,"
Sovereignty need for constructive dialogue ensuring accountability for preparator and repartition for victims",Sovereignty,,58
"September 23, 2025",HRC 60,General Debate - Item 4,Belgium,WOEG,"Systemic repression of civil society in Russia, Iran abstain on execution, middle east crisis inn Gaza without space for journalists",Civil Society,,59
"September 23, 2025",HRC 60,General Debate - Item 4,Algeria,AFG,"Polarization and politicize ",Politicization,,60
"September 23, 2025",HRC 60,General Debate - Item 4,Turkyie,APG,Selective accountability ; Stand with Syria people and gov ; Far right urge ; Eu selective approach ;  Non double standards ;  Allegations against turkyie have zero merit,"Double Standards, N/S, Politicization",,61
"September 23, 2025",HRC 60,General Debate - Item 4,Sweden,WOEG,Full accountability for Russia violations ; Political prisoners condemn Belarus ; Support release of Arbitrary detained around the world,"Arbitrary Detention, N/S",,62
"September 23, 2025",HRC 60,General Debate - Item 4,Lithuania,EEG,Russia attacks against and violations in Ukraine ,N/S,,63
"September 23, 2025",HRC 60,General Debate - Item 4,Norway,WOEG,"Freedom of expression attacks of journalists in Gaza safety of journalist globally
",Freedom of Speech,,64
,,General Debate - Item 4,Iran,APG,Politicly motivated resolution in belgium Norway Sweden has been named ; Monitoring mandates double standard beetwin Iran and Israel ; The president calls on country to watch their language when it comes to addressing to the council ,"Double Standards, Intervention, Misuse of Council, N/S",,183
"September 23, 2025",HRC 60,General Debate - Item 4,Finlande,WOEG,"Russia must comply ; Gaza war must end, The humanitarian  aid must come;  Afghanistan, soudan cooperation w factfinding ; China comply ; Everyone should cooperate with un standing invitation for all special procedures ","FFM, N/S, Promotion, Support",,65
"September 23, 2025",HRC 60,General Debate - Item 4,Russia,EEG,Nazi Ukrainian ,N/S,,66
"September 23, 2025",HRC 60,General Debate - Item 4,"EU, Ireland",WOEG,"Venezuela situation ; Immediate ceasefire in Gaza;  Abuse in Afghanistan, Freedom of expression of china, Ouïghours, freedom of assembly in honk Kong, ","Freedom of Speech, Hong-Kong, N/S",,67
"September 23, 2025",HRC 60,General Debate - Item 4,Azerbaidjan,EEG,"Military occupation of it own territory, disapeared and missing Azeris ","Enforced disappearence, Occupied territories",,68
"September 23, 2025",HRC 60,General Debate - Item 4,Sierra Leone,AFG,Welcome the report,"Capacity Building/Technical Assistance, Promotion, Support",,69
"September 23, 2025",HRC 60,General Debate - Item 4,"Austria, EU",WOEG,"Russia condemn Russian attacks against civilian, humanitarian assistance in Gaza;  Unsettlement activities in west bank ; DRC ",N/S,,70
"September 23, 2025",HRC 60,General Debate - Item 4,UK,WOEG,Talibans regime; persecution arbitrary detention;  Torture Iran arrest since the June 12 days of wars; China activist named ,"Arbitrary Detention, N/S",,71
"September 23, 2025",HRC 60,General Debate - Item 4,Canada,WOEG,"In Gaza , condemns Hamas attacks and release of hostages from the 7, two state solution S",Hamas,,72
"September 23, 2025",HRC 60,General Debate - Item 4,Belarus,EEG,Item  4 is West attempt to keep is domination ; Western club high level of racism encouraged at political level ,"Misuse of Council, Politicization",,73
"September 23, 2025",HRC 60,General Debate - Item 4,Slovenia,EEG,"Urgent call on Russia and Belarus to release the children ; Journalist and media workers in Gaza; Independent investigations in Syria call ","Intervention, N/S, Ukrainian Children",,74
"September 23, 2025",HRC 60,General Debate - Item 4,Australia,WOEG,"Iran and Afghanistan persecution on woman and girls and journalist no progression monitored since 2014;  Concerns about Myanmar; Two state solution support but not sure on this one, Uighurs and Tibetans freedom of religion mentioned Dalai lama  concerns about Hong Kong ",N/S,,75
"September 23, 2025",HRC 60,General Debate - Item 4,"EU, Estonia","EEG, WOEG",Russia Russia Russia;  Palestine and Gaza : Israel must respect international law but we need Hamas to release the hostages.,"Hamas, N/S",,76
"September 23, 2025",HRC 60,General Debate - Item 4,Armenia,EEG,Discussion with Azerbaijan is bringing peace to the region ; Release of prisoners of wars ; Missing persons enforced disappearance ,"Enforced disappearence, Promotion",,77
"September 23, 2025",HRC 60,General Debate - Item 4,Erythree,AFG,The council sovereign states no mandate specific polarization of the council ,"Country Specific Mandate, Politicization",,78
"September 23, 2025",HRC 60,General Debate - Item 4,Venezuela,GRULAC,Venezuela reiterate plus support Cuba calling sanction Genocide economic ,"Genocide, Support, Unilateral measure",,79
"September 23, 2025",HRC 60,General Debate - Item 4,Republique of Korea,APG,Calls on specific countries accusing of H.R violation ,N/S,,80
"September 23, 2025",HRC 60,General Debate - Item 4,Afghanistan,APG,Welcome the independent accountability mandate you have to check this  he got more time ,Intervention,,81
"September 23, 2025",HRC 60,General Debate - Item 4,"Danemark, EU",WOEG,"Release of hostages;  West bank ; RDC, China Xizang, Taliban right of woman ; Myanmar escalating context ;  Release of Bahraini arbitrary detained even if there is currently a batch of pardon and then she mentioned a name","Arbitrary Detention, N/S",,82
"September 23, 2025",HRC 60,General Debate - Item 4,Central Africa,AFG,"Support to a single China, object to politicized the UN","Politicization, Support",,83
"September 23, 2025",HRC 60,General Debate - Item 4,GANRHI,NGO,Universal jurisdiction tied to Palestine situation ,"Palestinian People, Universal jurisdiction",,84
"September 23, 2025",HRC 60,Side Event-Nicaragua,,GRULAC,A lot of civil society some countries but mostly no big pr ,,,85
"September 23, 2025",HRC 60,Side Event-Nicaragua,Michael Camilleri,OHCHR, Michael camilleri abuse of the red notice system interesting  ochr  un official very interesting report mentioned about issued report today  I have to check ,Red Notice,,86
"September 24, 2025",HRC 60,Side Event - UN and African Experts,Clément Voule,AFG,"Framework Addis abeba 2012
Mr. Clément Voule former special rapporteur friend of Addis abeba roadmap",Promotion,,105
"September 24, 2025",HRC 60,Side Event - UN and African Experts,,AFG,,Promotion,,106
"September 24, 2025",HRC 60,Side Event - Human Rights In Sri Lanka by HRW,Thyagi Runawanpathrana,APG,"Discussion about resolution or draft resolution 
THYAGI RUNAWANPATHRANA no access to remedies
Announcement of a new mechanism to take up cases but no international cooperation ",Access to remedies,,107
"September 24, 2025",HRC 60,Interactive Dialogue on the report of SG on cooperation with UN,SG,UN,"Several trends = self censorship because of fear of reprisals, civil society counter terrorism
6 member states transnational justice ; Targeting of specific groups woman youth LGBTQ ; Dismissing by invoquing national security ","Civil Society, Minorities, Reprisals",,108
"September 24, 2025",HRC 60,Interactive Dialogue on the report of SG on cooperation with UN,"Fiji, Ghana, Hungary, Ireland, Uruguay",GRULAC,"Concerns of reprisals, condemn in stronger terms acts of reprisal",Reprisals,,109
"September 24, 2025",HRC 60,Interactive Dialogue on the report of SG on cooperation with UN,"Australia, Canada, New Zeland",WOEG,"Condemns severe restrictions of Nicaragua, share concerns of designation of Russia of  reprisals;  In china 
Indigenous people, hrd in Iran, hrd in Afghanistan, ","N/S, Reprisals",,110
"September 24, 2025",HRC 60,Interactive Dialogue on the report of SG on cooperation with UN,"Austria, Lishtenstein, Slovenia, Suisse",EEG,"Alarmed about transnational repression, condemn act of intimidation and reprisals, how to strengthen the system ","Transnational Repression, UN System",,111
"September 24, 2025",HRC 60,Interactive Dialogue on the report of SG on cooperation with UN,EU,WOEG,"Duty of states to provide protection, support of civil society, promotion long standing at the eu, State misuse of counter terrorism and national security, Condemn reprisals against gender basis, what nature of reprisals through transnational","Civil Society, Promotion, Reprisals",,112
"September 24, 2025",HRC 60,Interactive Dialogue on the report of SG on cooperation with UN,Ghana,AFG,"Intensifies effort in cooperation with UN 
",Promotion,,113
"September 24, 2025",HRC 60,Interactive Dialogue on the report of SG on cooperation with UN,"NAM, Venezuela",GRULAC,"Constructive cooperation should engage, rtds ; Illegal application of unilateral coercive measure ; Urge the un system reject this action ","RTD, Unilateral measure",,344
"September 24, 2025",HRC 60,Interactive Dialogue on the report of SG on cooperation with UN,"Belgium, Luxemburg, Netherland",WOEG,"Hong Kong name call for immediate release, Belarus immediate release, guatemala immediate release, Iran arbitrary release, ibrahim cadar Djibouti return his passport, tran Vietnam release","Arbitrary Detention, N/S",,114
"September 24, 2025",HRC 60,Interactive Dialogue on the report of SG on cooperation with UN,Lishtenstein,WOEG,Condemns threats attacks and reprisal online and offline welcome the release of the Egyptian journalist but concern about two other cases.,Reprisals,,115
"September 24, 2025",HRC 60,Interactive Dialogue on the report of SG on cooperation with UN,Norway,WOEG,"Concern by targeting of LGBT+ and minority and lawyers journalist, transnational repression is growing

","Minorities, Transnational Repression",,116
"September 24, 2025",HRC 60,Interactive Dialogue on the report of SG on cooperation with UN,Danemark,WOEG,"Very concern against Abdul Adi Bahrein, S:R have raised concerns and also raised concerns in this reports he his dual citizen so this is why ",Arbitrary Detention,,117
"September 24, 2025",HRC 60,Interactive Dialogue on the report of SG on cooperation with UN,Mauritania,AFG,Cooperate fully with commitment wish to protect activist adoption of law 0042221 ; Reinfoced the bodies and judicial system; condemns targeting of un staff in Palestine,"Palestinian People, Promotion, Reprisals",,118
"September 24, 2025",HRC 60,Interactive Dialogue on the report of SG on cooperation with UN,Indonesia,APG,"Case against Indonesia gov provided replies, cases lacking evidence, OHCHRR must engage gov first to provide sources, Palestian activist are not took in report that is undermining report credibility universal no double standards ","Lack of evidence, UN System",,119
"September 24, 2025",HRC 60,Interactive Dialogue on the report of SG on cooperation with UN,Cuba,GRULAC,"Focus in developing countries, why nothing about migrant despite several , reject abuse of HR mechanisms selectivity double standard zero checking on veracity of reports, issues that has to be adressed ","Double Standards, Lack of evidence, Misuse of Council, UN System",,120
"September 24, 2025",HRC 60,Interactive Dialogue on the report of SG on cooperation with UN,Vietnam,APG,Accepted upr and conventions request allegations of numbers of individual for accusation of repression impartiality non selectivity evidence collection ,"Lack of evidence, OIN",,121
"September 24, 2025",HRC 60,Interactive Dialogue on the report of SG on cooperation with UN,Nepal,APG,"Upr recognition ; advance policies in line with international commitment, non politiciation, reprisal is in acceptable, Nepal value sdg partnership ","Politicization, Reprisals, Support",,122
"September 24, 2025",HRC 60,Interactive Dialogue on the report of SG on cooperation with UN,Burkina Faso,AFG,"Quality of report congrats, favorable framework set up from gov, promotion of a new law adopted, Burkina is committed to strengthening but respect of national legislation and national security","Sovereignty, Support",,123
"September 24, 2025",HRC 60,Interactive Dialogue on the report of SG on cooperation with UN,Uruguay,GRULAC,Troubled by trends like youth LGBT …… minority groups reaffirm condemnation against civil actors,"LGBTQ+, Minorities",,124
"September 24, 2025",HRC 60,Interactive Dialogue on the report of SG on cooperation with UN,Czech,EEG,"Intimidation; fear of reprisals; condemn implementation of legislation; call on Russia to release political prisoners named names ","Arbitrary Detention, Reprisals",,125
"September 24, 2025",HRC 60,Interactive Dialogue on the report of SG on cooperation with UN,China,APG,"Opposition report use selectivity the NGOs reports countries like Australia manipulate the narrative defeated china in cases linked to honk Kong, no one is above the law opposed to labeling law enforcement to reprisals","Double Standards, Sovereignty",,126
"September 24, 2025",HRC 60,Interactive Dialogue on the report of SG on cooperation with UN,Bengladesh,APG,"Our gov has addressed many issues, in particular in the annex part ",Promotion,,127
"September 24, 2025",HRC 60,Interactive Dialogue on the report of SG on cooperation with UN,Egypt,AFG,"Cooperation importance verified sources for be credible, to advance hidden agendas, verify information's or allegations of reprisals sovereignty of the law and primacy of the legislation cooperation should be free from any abuse ","Lack of evidence, Promotion, Sovereignty",,128
"September 24, 2025",HRC 60,Interactive Dialogue on the report of SG on cooperation with UN,Kenya,AFG,"Promotion, all actors must cooperate , cooperation with regional cooperation, promotion I think they want a special space in africa for diplomacy idk why, ",Promotion,,129
"September 24, 2025",HRC 60,Interactive Dialogue on the report of SG on cooperation with UN,South Africa,AFG,"S:R are subject to intimidation, genocide in Gaza sanctions imposition underlines thee integrity, targeting the multilateral system ","Palestinian People, Reprisals, UN System, Unilateral measure",,130
"September 24, 2025",HRC 60,Interactive Dialogue on the report of SG on cooperation with UN,Cameroun,AFG," Reject of allegations, we have a robust framework the cases mentioned are political activism name and shaming policies",Promotion,,131
"September 24, 2025",HRC 60,Interactive Dialogue on the report of SG on cooperation with UN,Palestine,APG,"Sanctions on Francesca Albanese ",Unilateral measure,,132
"September 24, 2025",HRC 60,Interactive Dialogue on the report of SG on cooperation with UN,Algeria,AFG,Any act of reprisal are inacceptable but collaboration with the un does not remove accountability for perpetrors,"Reprisals, Sovereignty",,133
"September 24, 2025",HRC 60,Interactive Dialogue on the report of SG on cooperation with UN,Ghana,AFG,Member of Korea group on reprisals ; Promotion ,"Reprisals, Sovereignty",,134
"September 24, 2025",HRC 60,Interactive Dialogue on the report of SG on cooperation with UN,Equador,GRULAC,"Stong response is needed welcome contribution from HRDs 
Russian federation = attacks from russia unacceptable attempt to interfere, prevent the access of the un on the ground of visa dellverance, gross violation of commitment of switzerland",N/S,,135
"September 24, 2025",HRC 60,Interactive Dialogue on the report of SG on cooperation with UN,Iran,APG,"Reject content and paragraph 66 67 of the report, any cooperation must be guided by transparency objectivity …: Specifically applies to countries where there is investigation without their content; ","Consent of state, FFM, OIN",,136
"September 24, 2025",HRC 60,Interactive Dialogue on the report of SG on cooperation with UN,Armenia,EEG,Promotion ,Promotion,,137
"September 24, 2025",HRC 60,Interactive Dialogue on the report of SG on cooperation with UN,Iraq,APG,"Promotion of their effort, Report allegations from non credible unofficial and the NY embassy replied; Iraq commitment to no tolerence for reprisals","Lack of evidence, N/S, Promotion",,138
"September 24, 2025",HRC 60,Interactive Dialogue on the report of SG on cooperation with UN,"EU, Poland",EEG,Russia and Belarus attempts  to reduce civic space; commitment pact to the future; ,"N/S, Promotion",,139
"September 24, 2025",HRC 60,Interactive Dialogue on the report of SG on cooperation with UN,Japan,APG,Growing trend of transnational repression  ;welcome the publication of civic space transnational of OHCHR,Transnational Repression,,140
"September 24, 2025",HRC 60,Interactive Dialogue on the report of SG on cooperation with UN,Maldives,APG,"Reject all acts of reprisals against SR; Palestinian individuals refuse to be interviewed, victims are tip of iceberg, against Israel ( why what interest do they have )","Palestinian People, Reprisals",,141
"September 24, 2025",HRC 60,Interactive Dialogue on the report of SG on cooperation with UN,Bolivia,GRULAC,Full support for Francesca Albanese  ,Palestinian People,,142
"September 24, 2025",HRC 60,Interactive Dialogue on the report of SG on cooperation with UN,"EU, Germany",WOEG,"Russia china Iran nicaragua, condemn reprisals ","N/S, Reprisals",,143
"September 24, 2025",HRC 60,Interactive Dialogue on the report of SG on cooperation with UN,Venezuela,GRULAC,Unfunded reference presented by sg; fact finding mission will never be recognized punitive perspective of the report denies collaboration,"FFM, Lack of evidence",,144
"September 24, 2025",HRC 60,Interactive Dialogue on the report of SG on cooperation with UN,Togo,AFG,Nothing very relèvent ,Promotion,,145
"September 24, 2025",HRC 60,Interactive Dialogue on the report of SG on cooperation with UN,Sudan,AFG,Ready to receive complaint and address them ; Suprised of mention of Sudan in report ,Promotion,,146
"September 24, 2025",HRC 60,Interactive Dialogue on the report of SG on cooperation with UN,GANRHI,NGO,"Present a report tomorrow ",Promotion,,147
"September 25, 2025",HRC 60,General Debate - Item 5,Colombia,GRULAC,"Attacks of Francesca Albanese, and cullingam facing sanctions calls on state to respect un process","Palestinian People, Reprisals",,184
"September 25, 2025",HRC 60,General Debate - Item 5,Cuba,GRULAC,Support to un Human Rights 28 30 October forum ; unverified proofs; reject misinformation of un watch carries a campaign on sr on std UP8 ;  behavior sanctions  ,"Lack of evidence, Promotion, UN System",,185
"September 25, 2025",HRC 60,General Debate - Item 5,Sudan,AFG,My country has facilitate entrance and visit of independent expert cooperation welcome the role of the  UN and agencies; welcome the SG calls for unity of Sudan; challenges of un undermine the system by non stakes actors like terrorists;,"Misuse of Council, Promotion, Terrorists, UN System",,186
"September 25, 2025",HRC 60,General Debate - Item 5,Iran,APG,sr should uphold the principle of universality; all the communication should be coupled with the response of the country; treaty bodies lacks of diversity; ,"OIN, UN System",,187
"September 25, 2025",HRC 60,General Debate - Item 5,Russia,EEG,Work of ohchr double standards prevail; russiophobia ; Russia have been exlude from list of minorities; no reaction no hr bodies that straighten Kiev confidence in its impunity ;  ,Double Standards,,188
"September 25, 2025",HRC 60,General Debate - Item 5,Azerbaidjan,EEG,Promotion up-to-date with treaty report; special procedures activity ; information provided by state should be taken in account; effective transparent free from double standard,"Double Standards, Lack of evidence, Promotion, UN System",,189
"September 25, 2025",HRC 60,General Debate - Item 5,Sierra Leone,AFG,Promotion; capacity building and technical assistance ; welcome the report of SG; mostly promotion ,"Capacity Building/Technical Assistance, Promotion",,190
"September 25, 2025",HRC 60,General Debate - Item 5,Maleysia,APG,Welcome the visits of un mandate holders; track implementation recommendation; underscores the importance of mandate holders to exerce with code of conduct,Support,,191
"September 25, 2025",HRC 60,General Debate - Item 5,Iraq,APG,"Full cooperation international cooperation, maintaining cultural specificities far from the use of double standards; we urge sr to attach importance of the violation of the occupied Palestine view genocide and violation to palestian people ","Genocide, OPT, Palestinian People, Promotion",,192
"September 25, 2025",HRC 60,General Debate - Item 5,Armenia,EEG,SR must be independant ; objectivity non selectivity; ,OIN,,193
"September 25, 2025",HRC 60,General Debate - Item 5,Egypt,AFG,Israel vs Palestinian people call to document for genocide; reject attacks mandate holders targeting this; ,"Genocide, Palestinian People, Reprisals",,194
"September 25, 2025",HRC 60,General Debate - Item 5,Pakistan,APG,Certain ngo are using the mechanism to launch campaign of this mechanisms; opt special rapporteur sanction; ,"Misuse of Council, OPT, Unilateral measure",,195
"September 25, 2025",HRC 60,General Debate - Item 5,India,APG,SR resolution and conduct conduct; finding should be based on facts; ,"Lack of evidence, UN System",,196
"September 25, 2025",HRC 60,General Debate - Item 5,Venezuela,GRULAC,Dialogue on basis on mutual respect avoid politization selectivity and ; code of conduct ; nothing about forced disppearance of venezualian abroad;,"Enforced disappearence, Politicization, UN System",,197
"September 25, 2025",HRC 60,General Debate - Item 5,Afghanistan,APG,Councils fails to uphold to fundamental hr ; Talibans should be called on; Independant gender responsive mechanis urged for Afghanistan,"Intervention, UN System",,198
"September 25, 2025",HRC 60,General Debate - Item 5,Jordan,APG,"Boost the powers of sr ; full support to treaty bodies for efficiency of treaty bodies
","Support, UN System",,199
"September 25, 2025",HRC 60,General Debate - Item 5,Senegal,AFG,Need for more effective synergies; optimized cooperation for transparency objectivity non sleectivity; support of sr under sanctions; call for renewed commitment to international law; ,"OIN, Palestinian People, Unilateral measure",,345
"September 25, 2025",HRC 60,General Debate - Item 5,Tunisia,AFG,Support sr opt ; express full support; reniew commitment; promotion of cooperation ; recall to submit on time countered by sovereignty of state; ,"OPT, Sovereignty",,200
"September 25, 2025",HRC 60,General Debate - Item 5,Phillipines,APG,Merging of sr contemporary forms of slavery proposition for cost effective solution ; ,"Liquidity Crisis, UN System",,201
"September 25, 2025",HRC 60,General Debate - Item 5,Equador,GRULAC,Full commitment universality indivisibility and interdépendance of hr; share that new formalize candidature to HRC election on 10 of October;,"OIN, UN System",,202
"September 25, 2025",HRC 60,General Debate - Item 5,"Armenia, Dominica","EEG, GRULAC",Upr mechanisms fully committed; first visit of a sr ; impartiality objectivity national context; ,"OIN, Promotion",,203
"September 25, 2025",HRC 60,Side Event -Meeting with ngos for HRC Chair,,OHCHR,Reprisals from ngos toward a diplomat ,ECOSOC,,204
"September 25, 2025",HRC 60,Side Event -Meeting with ngos for HRC Chair,President of HRC,OHCHR,,ECOSOC,,205
"September 25, 2025",HRC 60,UPR Adoption- Item 6,Kirghiztan,APG,83.percent recommandations are accepted ,,,206
"September 26, 2025",HRC 60,Side Event- Sanctions monitoring tool : instrument of monitoring verification protection,SR Unilateral Coercive Measure,OHCHR,China rep is here caus' find it interesting no plaque .,,,255
"September 26, 2025",HRC 60,Side Event- Sanctions monitoring tool : instrument of monitoring verification protection,SR Unilateral Coercive Measure,OHCHR,,,,256
"September 29, 2025",HRC 60,General Debate - Item 6,EU,WOEG,Support for UPR ;  Civil Society plays a Key role; ensure participation of civil Society free from reprisals; Absence at UPR should bring more attention to the human right situation,"Civil Society, Reprisals",,257
"September 29, 2025",HRC 60,General Debate - Item 6,Pakistan,APG,"Support of UPR ; Despite politization in the council the UPR remain ; OIN must be uphold ; ","OIN, Politicization",,258
"September 29, 2025",HRC 60,General Debate - Item 6,"Maleysia, Timo-Leste",APG,UPR working non continuation due to budget ; Budget,Liquidity Crisis,,259
"September 29, 2025",HRC 60,General Debate - Item 6,,,,,,260
"September 29, 2025",HRC 60,General Debate - Item 6,Ghana,AFG,Unique value of UPR; most signitficant innovation of HRC; complementarity with regional mechanisms ; Translating accepted recommandations into operationalization we need capacity building,Capacity Building/Technical Assistance,,261
"September 29, 2025",HRC 60,General Debate - Item 6,"Group of Friends, Venezuela",GRULAC,"Reaffirm initial charter of UPR ",Support,,262
"September 29, 2025",HRC 60,General Debate - Item 6,Uganda,AFG,OIN; consent of state collaboration ; capacity building ;not be use as putting their nose on internal affairs,"Capacity Building/Technical Assistance, Consent of state, OIN",,263
"September 29, 2025",HRC 60,General Debate - Item 6,"Armenia, Fidji, Norway, Pakistan","APG, WOEG",UPR Remains inclusive and impactful; regretful of some state withdrawal ; contribution to a certain resolution ; technology for addressing limited ressources,"Liquidity Crisis, Promotion, Technology",,264
"September 29, 2025",HRC 60,General Debate - Item 6,Ethiopia,AFG,Support to upr ; universality and equal treatment; cooperative and inclusive process Ethiopia accepted recommandations taken steps ; vital role of UPR voluntary funding ; appreciaciton to the ohchr ;,"Liquidity Crisis, Promotion, Support",,265
"September 29, 2025",HRC 60,General Debate - Item 6,China,APG,"Congratulates countries who's upr where adopted ; genuine multilateralism OIN; refuse to participate is regrettable ; 80 anniversary if the UN; difficult moment; prepare to collaboration ","Collaboration, OIN, Support",,266
"September 29, 2025",HRC 60,General Debate - Item 6,Costa Rica,GRULAC," UPR valuable mechanisms that helps to reflect on achievements ; international cooperation an been seen as recent progress; a tool that makes possible to recognize progress; ",Collaboration,,267
"September 29, 2025",HRC 60,General Debate - Item 6,Georgia,EEG,"Adopting following Legislation in prevision of next upcoming cycle ; occupied power Russian federation ; ","N/S, Promotion",,268
"September 29, 2025",HRC 60,General Debate - Item 6,Algeria,AFG,"Cultural characteristics must be taken in consideration; reaffirm the importance of civil society and technical assistance; upr must continue working on OIN basis ","Capacity Building/Technical Assistance, Cultural characteristics, OIN",,269
"September 29, 2025",HRC 60,General Debate - Item 6,Maldives,APG,"Promotion of the 3rd cycle ; Promotion of 4 the cycle committed to dialogue and welcome the progress ",Promotion,,270
"September 29, 2025",HRC 60,General Debate - Item 6,Bengladesh,APG,"UPR is a successful mechanism; fully respect the general assembly resolution ; we should take national context in account ; capacity building for meaningful implementation ; ","Capacity Building/Technical Assistance, Cultural characteristics, Promotion, Support",,271
"September 29, 2025",HRC 60,General Debate - Item 6,Gambia,AFG,"Appreciation to voluntary trust fund ","Finances, Support",,272
"September 29, 2025",HRC 60,General Debate - Item 6,Cuba,GRULAC,In favor of UPR ; it should be focused on this kind of mechanisms ; need for more of this kind of mechanisms cuba will continue to provide the implementation of recommandation in next cycle we need to preserve the financial ressources and delete other waistful mechanism to the benefit of the upr,"Financial UN cirsis, Support, UN System",,273
"September 29, 2025",HRC 60,General Debate - Item 6,Bolivia,GRULAC,Acknowledge and reaffirm our support ; OIN need to be based on reliable information ; we need to preserve financial ressources,"Lack of evidence, OIN, Support",,274
"September 29, 2025",HRC 60,General Debate - Item 6,Malawi,GRULAC,"Promotion implementation of their second upr cycle ; ",Promotion,,275
"September 29, 2025",HRC 60,General Debate - Item 6,Dominican Republic,GRULAC,"Firm commitment to upr ; unique place ; deep concern of lack of cooperation ; full participation of every state is needed ; we encourage all state to resume and participate ","Collaboration, Support",,276
"September 29, 2025",HRC 60,General Debate - Item 6,Iran,APG,Most notable achievement of the HRC ; that laid to a constant pattern of implementation ;  all principes are respected and upheld by all members,Support,,277
"September 29, 2025",HRC 60,General Debate - Item 6,Nepal,APG,"Commitment is unwavering ; ",Support,,278
"September 29, 2025",HRC 60,General Debate - Item 6,Maleysia,APG,"UPR effective plateform ; Vital mechanism ; Commited to the process  ; Leverage the national recommandations ; Crucial role with technical assistance and capacity building ; ","Capacity Building/Technical Assistance, Support",,279
"September 29, 2025",HRC 60,General Debate - Item 6,Iraq,APG,Fully support the UPR mechanism ; international framework for cooperation ; encouraging state to honor their obligations ;  make sure we can sustain,"Financial UN cirsis, Support",,280
"September 29, 2025",HRC 60,General Debate - Item 6,Armenia,"EEG, Group of Friends","UPR is cornerstone of HRC; OIN ; Commited member of the group of friends ; build on existing synergies with regional ","OIN, Regional Cooperation",,281
"September 29, 2025",HRC 60,General Debate - Item 6,Yemen,AFG,Useful tool ; capacity building we stress importance away from selectivity of politicization ; we reiterate the Nobel of cooperation based on OIN,"Capacity Building/Technical Assistance, Collaboration, OIN, Politicization",,282
"September 29, 2025",HRC 60,General Debate- Item 7,State of Palestine,APG,"Condemn sanction against sr Francesca 
Criminal Natanyahou Stealing and Palestinian funds
Saudi Arabia emergency coalition; 
Visit to a prisoner number of administrative detention enforced disappearence, US representative of the security council has attacked I didn’t followed who , two state solution presented by France and Qatar; we welcome the recognition of those countries even tho it comes late we reaffirm the importance of implementing New York convention, cease export to israel, reconsider diplomatic ties with israel ","Criminal Netanyahou, Enforced disappearence, Finances, N/S, Palestinian People, Reprisals, Support, Two State Solution, Unilateral measure",,283
"September 29, 2025",HRC 60,General Debate- Item 7,Indonesia,APG,"Safety and well being of Palestinian people must remain our priorirty , as member a humanitarian group we call to protect humanitarian; too many children have witness this 
Accountability; future of the two state solution lies on it","Accountability, Children, Humanitarian Group, Palestinian People, Two State Solution",,284
"September 29, 2025",HRC 60,General Debate- Item 7,Kirghiztan,APG,"Implementation of two state solution in coordination with Qatar and France; this is part of a constituted genocide ; perpetrators should be held accountable, ensure to release prisoners and allow the Humanitarian","Accountability, Genocide, Palestinian People, Two State Solution",,285
"September 29, 2025",HRC 60,General Debate- Item 7,"Algeria, Arab Group",AFG,Stresses firms support of invaluable right ; establishment of independant state with Jerusalem as capital as well as Syrian; welcome the fact facing mission; call upon imposing sanctions and putting a full end to the transfer of weapons to israel and welcome update on company involved in settlement and we call those company to conform,"Business, FFM, Jerusalem Capital, Palestinian People, Settlement / Company Settlement, Unilateral measure",,286
"September 29, 2025",HRC 60,General Debate- Item 7,"AFG, Ghana",AFG,"Situation protracted country we cannot normalize crualety; opposing colonialism exercise their right to full determination with east jerusalem as its capital; need to address the root causes ; two state solution is essential ; ","East Jerusalem, Palestinian People, Self Determination, Two State Solution",,287
"September 29, 2025",HRC 60,General Debate- Item 7,"Group of Friends, Venezuela",GRULAC,"Palestinian people genocidal acts and serious international crimes the FFM say that it is genocide, genocide, however the international community should do something not be complice; exert pressure on Israel to end genocide and leave Syria","FFM, Genocide, Palestinian People, Syria",,288
"September 29, 2025",HRC 60,General Debate- Item 7,"Colombia, Hague Group",GRULAC,"13 supporting countries Commited to not transport weaponry to israel put a end to barbarity in Gaza is a moral imperative, we appeal to all member to adopt effective measure, we must invite state that has condemn the genocide to join the Bogota conference","Genocide, Palestinian People, Unilateral measure",,289
"September 29, 2025",HRC 60,General Debate- Item 7,Kirghiztan,APG,We stress the momentum created in UNGA to follow France and Qatar ,"Palestinian People, Support",,290
"September 29, 2025",HRC 60,General Debate- Item 7,Cuba,GRULAC,The council shut put an end to selectivity and double standard ( use the genocide to compare with gaza) spoke about a ngo negatively,"Double Standards, Palestinian People",,291
"September 29, 2025",HRC 60,General Debate- Item 7,Mexico,GRULAC,Concerns at invasion and occupation of land ; deplore about transnational companies participate in activities related to this settlement ; we would appeal to state to comply and encourage businesses to be compliment with guiding principle of business and human right ,"Business, Palestinian People, Settlement / Company Settlement",,292
"September 29, 2025",HRC 60,General Debate- Item 7,France,WOEG,"Nothing can justify terrorism but nothing ever ever will justify ; priority liberation of hostages , Hamas must be disarmed then stabilization and reconstruction in gaza , France is prepare to contribute to this reconstruction","Hamas, Palestinian People, Reconstruction",,293
"September 29, 2025",HRC 60,General Debate- Item 7,Maldives,APG,"Independant sovereign Palestinian state is a right ; immediate cease fire humanitarian ; ","Ceasefire, Independent State, Palestinian People",,294
"September 29, 2025",HRC 60,General Debate- Item 7,China,APG,Deeply concern about the human right situation in Gaza and other occupied territories; international community must give priority to Palestinian revive de two state solution ; we stand ready to provide help for lasting solution,"OPT, Palestinian People, Two State Solution",,295
"September 29, 2025",HRC 60,General Debate- Item 7,Qatar,APG,Hold those perpetrators accountable ,"Accountability, Palestinian People",,296
"September 29, 2025",HRC 60,General Debate- Item 7,Vietnam,APG,"Is deeply concern about suffering of Palestinian people in gaza; fully complies with international humanitarian law particularly with the principal two state solution with east jerusalem as capital, Vietnam was among the first support to achieve a just lasting resolution ","East Jerusalem, Palestinian People, Two State Solution",,297
"September 29, 2025",HRC 60,General Debate- Item 7,Chili,GRULAC,"Welcomes refugees from Gaza we need to take action, significant step to a two state solution; protect the Palestinian people","Palestinian People, Refugee, Two State Solution",,298
"September 29, 2025",HRC 60,General Debate- Item 7,Spain,WOEG,"International community has not comply with obligation of preventing genocide, Israel as right to defense but it is unacceptable to see the destruction of civil society we need to see odd of the settelment  on the west bank ; we regret the obstacles that has been established at NY UNGA and here in HRC and we want to see progress to try to provide aid in the state of Palestine ","Genocide, Palestinian People, Settlement / Company Settlement",,299
"September 29, 2025",HRC 60,General Debate- Item 7,Algeria,AFG,Double standard toward Palestine is unbearable a genocide that is politically assumed ,"Double Standards, Genocide, Palestinian People",,300
"September 29, 2025",HRC 60,General Debate- Item 7,Brazil,GRULAC,"President Lula underscored that the gaza situation is marked by displacement and must not undermine other opt in arab space including east jerusalem; appreciation for the work of this council condemn treats against mandate holders; committed to a two state solution ","Accountability, East Jerusalem, Palestinian People, Refugee, Two State Solution",,301
"September 29, 2025",HRC 60,General Debate- Item 7,Bengladesh,APG,"Condemns the strongest possible therms the genocide in gaza, denounce Israel flagrant violation of international law; supported by certain headquarters; international accountability ; independant sovreign based on a two state solution with east jerusalem as capital ","East Jerusalem, Palestinian People, Two State Solution, West Criticism",,302
"September 29, 2025",HRC 60,General Debate- Item 7,"AFG, Gambia",AFG,Legitimate aspiration for dignity and self determination; welcome the grown recognition for genocide by several states; east jerusalem as capital ; ,"East Jerusalem, Genocide, Palestinian People",,303
"September 29, 2025",HRC 60,General Debate- Item 7,Colombia,GRULAC,"Condemns business involvement; the international communites… ; condemns consequences on children, Columbia is raising is voice to call for the end of this genocide ; abominable genocide comes to end; as the ambassador of spain said ","Business, Genocide, Palestinian People, Support",,304
"September 29, 2025",HRC 60,General Debate- Item 7,South Africa,AFG,Two state solution ; all state have a legal duties cause they’ll be put on notice the Hague group was establish for this ; corporate entities should be held accountable; ,"Accuntability, Palestinian People, Promotion",,305
"September 29, 2025",HRC 60,General Debate- Item 7,Sudan,AFG,Brotherly people of Palestine with have for decades suffered from crisis; end to the occupation allow Palestinian to use their inalienable rights to self determination ; the states and businesses play legal and moral,"Business, Palestinian People",,306
"September 29, 2025",HRC 60,General Debate- Item 7,Bolivia,GRULAC,We must respect our obligation on international law particularly when indicates that states need to regulate their businesses ; catastrophic situation and genocide; need to see a ceasefire in gaza ,"Business, Genocide, Palestinian People",,307
"September 29, 2025",HRC 60,General Debate- Item 7,Morocco,AFG,"End to Israeli occupation and return to the négociations table; entry of humanitarian end and return to refugees ; remains committed to the essential role of UNRWA ; call for urgent intervention to put end to attacks in west bank; welcome the momentum in terms of recognition ; and two state solution ","OPT, Palestinian People, Two State Solution, West Bank",,308
"September 29, 2025",HRC 60,General Debate- Item 7,Island,WOEG,Reiterates Israeli relentless and justifying military operation in gaza ; release all hostage ; west bank in context of occupation each side is responsible ; ,"Military, Occupied territories, Palestinian People, West Bank",,309
"September 29, 2025",HRC 60,General Debate- Item 7,Belgium,WOEG,"Remains deeply concern by the situation in Gaza has decided to take several measure that are been implementing refusing transit of weapons , and import of good in the occupied territories; working on sanctions against violent hamas and Israeli settlers ; support the ICC; lift sanction against Palestinian and HRDs","Palestinian People, Unilateral measure",,310
"September 29, 2025",HRC 60,General Debate- Item 7,Ghana,AFG,Widespread displacement ; commend the resilience of Palestinian people; need for accountability; meaningful dialogue toward achieving two state dialogue ,"Accountability, Palestinian People, Two State Solution",,311
"September 29, 2025",HRC 60,General Debate- Item 7,"AFG, Yemen",AFG,"Associated with group of contry right of self determination east jerusalm capital two state solution ; genocide perpretrated by Israeli occupation are being war crimes and crimes against humanity ; support to Francesca Albanese ; ","East Jerusalem, Palestinian People, Reprisals, Support, Two State Solution",,312
"September 29, 2025",HRC 60,General Debate- Item 7,Iraq,APG,Desastreous hr situation in Gaza catastrophique impact on civilian; humanitarian disaster is result of the genocide; ,"Genocide, Palestinian People",,313
"September 30, 2025",HRC 60,General Debate- Item 7,Saudi Arabia,APG,"Support France two state solution east jerusalem as capital 
","East Jerusalem, Palestinian People, Support, Two State Solution",,314
"September 30, 2025",HRC 60,General Debate- Item 7,Sovereign Order of Malta,WOEG,Situation is beyond intendable ; ready to provide humanitarian aid ; will continue to be on the ground; smth about Christian situation ; welcome anything that will lead to ceasfire; leave side by side in security and tolerance,"Palestinian People, Side by side",,426
"September 30, 2025",HRC 60,General Debate- Item 7,UAE,APG,Unjustifiable; reject plan of trump reject displace people ; east Jerusalem ; ,"East Jerusalem, N/S, Palestinian People, Refugee, Trump",,315
"September 30, 2025",HRC 60,General Debate- Item 7,Luxemburg,WOEG,Recognition of the state of Palestine; step that should help for lasting peace for two state position ; cooperation with un entities is mandatory; settlement have been described as illegal; prompt the Israeli gov to respect international law; ,"Palestinian People, Settlement / Company Settlement, Two State Solution",,316
"September 30, 2025",HRC 60,General Debate- Item 7,Maleysia,APG,"Gaza and west bank is state of Palestine; flagrant violation of international law; famine has been declared; new agreement to reconstruction money for reconstruction ; call for arm embargo; cease businesses ; ","Business, Palestinian People, Reconstruction, Unilateral measure",,317
"September 30, 2025",HRC 60,General Debate- Item 7,Russia,EEG,Critical situation as a result of Israeli actions ; humanitarian could have covered the needs for month ; justice must be restored; ceasefire release of hostages and prisoners; relaunch peace process independant sovereign Palestinian state side by side with Israel,"Palestinian People, Side by side",,318
"September 30, 2025",HRC 60,General Debate- Item 7,Ireland,WOEG,Genocide is committed in Gaza; full compliance by all parties for international law; west bank; two state solution ,"Genocide, Palestinian People",,319
"September 30, 2025",HRC 60,General Debate- Item 7,Perou,GRULAC,Reiterate is concern about health deterioration; concern of the independent commission ; rejection over expansion of settlement of the country in the west bank ; urgency to protect civilian population ; find a two state solution,"Palestinian People, Settlement / Company Settlement, Two State Solution, West Bank",,320
"September 30, 2025",HRC 60,General Debate- Item 7,Turkyie,WOEG,Unlawfully actions of Israel ; reiterate call for immediate ceasefire; stop illegal settlements; ,"Palestinian People, Settlement / Company Settlement",,321
"September 30, 2025",HRC 60,General Debate- Item 7,Brunei,APG,On going military blatant disregard against international law; condemn genocide; accountable of occupying power ; in solidarity with Palestinian ; advocate for permanent chair of Palestine at the un,"Accountability, Genocide, Military, OPT, Palestinian People",,322
"September 30, 2025",HRC 60,General Debate- Item 7,Djibouti,AFG,Strongly condemns military offences; UN security council take on his responsibility to stop the situation; creation of independent states with east Jerusalem; reject deportation plan ,"East Jerusalem, Military, Palestinian People, Refugee",,323
"September 30, 2025",HRC 60,General Debate- Item 7,Slovenia,EEG,Business settlement db on business and direct link with crime war,"Business, Palestinian People",,324
"September 30, 2025",HRC 60,General Debate- Item 7,Erythree,AFG,I haven’t follow mostly promotion,"Palestinian People, Promotion",,325
"September 30, 2025",HRC 60,General Debate- Item 7,Egypt,AFG,Everybody is silent especially in this forum ; condemn the crimes against Palestinian ; refuse the policies of forced displacement; reaffirm the illegality of occupation; indelible right of Palestinian people; settlement in west bank is a threat to security ; call the council to shredder is responsibility,"OPT, Palestinian People, Refugee, Settlement / Company Settlement, West Bank",,326
"September 30, 2025",HRC 60,General Debate- Item 7,Pakistan,APG,Palestinian people right rights have been trundled ; welcome the recognition by several countries ; permanant ceasefire ; emergence of independent Al-Quds Al Sharif as capital ,"Al-Quds Al Sharif, Palestinian People",,327
"September 30, 2025",HRC 60,General Debate- Item 7,Oman,APG,We are facing a genocide; immediate ceasefire by guaranteeing entrance of humanitarian aid; welcome the segment in NY for a two state solution ; respect for states that have recognize e the state of Palestine ; Jerusalem as capital ;,"Jerusalem Capital, Palestinian People, Two State Solution",,328
"September 30, 2025",HRC 60,General Debate- Item 7,Afghanistan,APG,"Profound concerns of violations in Palestine; grave crimes including genocide have been connected the occupying power remain shielded from accountability; unwavering solidarity with Palestinian people; call on international authority; the item should remain until a just two state is achieved ; ","Accountability, Palestinian People, Two State Solution",,329
"September 30, 2025",HRC 60,General Debate- Item 7,Libya,AFG,The crime of genocide is taking place inn the worst possible way ; documented genocide ; we could also point to the conclusion off that Israel is responsible ; what are we doing with that; or with that only for African countries in the third world; db mentioned,"Accountability, Genocide, Palestinian People",,330
"September 30, 2025",HRC 60,General Debate- Item 7,Libya,AFG,Hereby = Zionist are criminals,"Palestinian People, Zionists",,331
"September 30, 2025",HRC 60,General Debate- Item 7,Jordan,APG,"Protect the HR of the Palestinian people the council has ; we must take a decisive stance; we welcome the leadership of us president and his proposed plan and fully support it ","Palestinian People, Support, Trump",,332
"September 30, 2025",HRC 60,General Debate- Item 7,"AFG, Senegal",AFG,Just cause of Palestinian people ; Palestine being the graveyard of international law,Palestinian People,,333
"September 30, 2025",HRC 60,General Debate- Item 7,Tunisia,AFG,No prescription for the Al-Quds Al Sharif as its capital ; crimes against humanity report are being community; express our disappointment ; shoulder its urgent responsibility to achieve the ceasefire allow humanitarian access; states and business to  stop; we disassociated our self with any terms of the group we belong to that had any legitimacy to the current genocide,"Al-Quds Al Sharif, Business, Disassociation, Genocide, Palestinian People",,334
"September 30, 2025",HRC 60,General Debate- Item 7,Phillipines,APG,"Urge Israel  , no military solution to this endless crisis; two state solution ; ","Palestinian People, Two State Solution",,335
"September 30, 2025",HRC 60,General Debate- Item 7,Lebanon,,Punishment of Palestinian people has to stop ; stop ongoing genocide; welcome the growing recognition ; Lebanon immediate ceasefire adopting targeting sanctions ; ,"Genocide, Palestinian People, Unilateral measure",,336
"September 30, 2025",HRC 60,General Debate- Item 7,"Colombia, Hague Group, Honduras",GRULAC,Business under this jurisdiction ; do not infringe the rights ; no impunity for genocide; ,"Business, Genocide, Palestinian People",,337
"September 30, 2025",HRC 60,General Debate- Item 7,"AFG, Mauritania",AFG,Aligns with its group ; welcome the updating of the db; support the outcome of FFM ; welcome the recognition of state of Palestine and adoption of NY declaration ; ,"FFM, Palestinian People",,338
"September 30, 2025",HRC 60,General Debate- Item 7,Venezuela,GRULAC,Israel has executed a plan system massacre protect by the silent west power; crime of colonialism ; bombed Qatar that was trying to get an peaceful and agreement ; long live Palestine,"Palestinian People, West Criticism",,339
"September 30, 2025",HRC 60,General Debate- Item 7,Sierra Leone,AFG,Reaffirms its solidarity including self determination; concern by forced displacement; risk of ; welcome the US plan ; any implementation must respect international law  ; forced transfer is contrary to international ;,"Palestinian People, Refugee, Support, Trump",,340
"September 30, 2025",HRC 60,General Debate- Item 7,"AFG, Nigeria",AFG,Suffering of Palestinian people ; lasting solution in line with the relevant us; tight to self determination ; guarantee the protection ; condemns all forms of violence; safe humanitarian access ; only sustainable state side by side with Israel ,"Palestinian People, Side by side, Support, Trump",,341
"September 30, 2025",HRC 60,General Debate- Item 7,Bahrein,APG,Report of independent commission support their recommendations; high level on two state solution under Saudi Arabia and France ; support the us president plan to put end end to the war in Gaza; ,"Palestinian People, Support, Trump, Two State Solution",,342
"September 30, 2025",HRC 60,General Debate- Item 7,Iran,APG,Commend the work of the COI ; condemn the genocide and any western complicity ; call for adoption for sanctions against Israeli gov,"Genocide, Palestinian People, West Criticism",,343
"September 30, 2025",HRC 60,General Debate- Item 7,"NAM, Uganda",AFG,Genocidal acts being Committed against Palestinian people; again genocide; prevention has not been unimplemented; occupying power Israel; end to illegal occupation ; calls for humanitarian aid ; hold to force displacement; occupying Israel; ,"Genocide, Palestinian People, Refugee",,351
"September 30, 2025",HRC 60,General Debate - Item 8,Dominican Republic,GRULAC,"Importance of Vienna convention , OIN, CIMORED tool with Paraguay incorporation ; make effort to promote technical cooperation ",Capacity Building/Technical Assistance,,352
"September 30, 2025",HRC 60,General Debate - Item 8,"Like Minded Group, Sudan",AFG,Like minded group = need for renewed focus on RTD protecting the youth and refugee; peace culture countering hate speech combat racism on based of religion,"Freedom of Religion, RTD, Racism, Refugee",,353
"September 30, 2025",HRC 60,General Debate - Item 8,Suede,,"Pushback on gender equality ; ",Gender Equality,,363
"September 30, 2025",HRC 60,General Debate - Item 8,"EU, Lithuania","EEG, WOEG",VIenna offers all and equal right it is duty of state to uphold this standards; personal assistance development is necessary; since Russia attacks we should not neglect accessibility and inclusion ,"Accessibility /Inclusion, RTD",,362
"September 30, 2025",HRC 60,General Debate - Item 8,Bahrein,APG,"Bahrein; aligned with its group of countries ; Commited to pursuing his efforts we have worked to implemented the VDPA ",Promotion,,356
"September 30, 2025",HRC 60,General Debate - Item 8,Russia,EEG,Violence against clergé ; Estonian orthodox church ; pay attention and provide assessment to such actions,Support,,354
"September 30, 2025",HRC 60,General Debate - Item 8,Iran,APG,VDPA importance ; challenges global crisis ; Gaza genocide especially women and children ; refreshing our commitment ; confronting such event (terrorist but not sure),"Gender Equality, Genocide, Terrorists",,355
"September 30, 2025",HRC 60,General Debate - Item 8,Azerbaidjan,EEG,"Don’t have it at all territories me again
",Occupied territories,,357
"September 30, 2025",HRC 60,General Debate - Item 8,Armenia,EEG,Strengthening the mandate of HRDs ; promotion ; challenge shrinking civic space speech; stronger multilateral ; enhance mechanisms; provide collaboration and accountability ; ,"Accountability, Civil Society, UN System",,350
"September 30, 2025",HRC 60,General Debate - Item 8,Iraq,APG,Reniew commitment especially for people under occupation especially when there is genocide in line with international law; put an end to genocide end famine In gaza; please that several state recognition; call on other country right to self determination; ,"Genocide, Occupied territories, Self Determination",,359
"September 30, 2025",HRC 60,General Debate - Item 8,Egypt,AFG,"Need protect ICCPR and right to dev. Requires effective policies ; financial institutions are the first to suppose promote RTDs , foreign occupation effective legal defense should be provided; Israeli against gaza ;","Occupied territories, RTD, Universal jurisdiction",,361
"September 30, 2025",HRC 60,General Debate - Item 8,Pakistan,APG,The perpetration of occupied situation ; in illegally occupied Palestine is right to self determination denial ; Kashmir parallel ;,Occupied territories,,358
"September 30, 2025",HRC 60,General Debate - Item 8,Venezuela,GRULAC,Free self determination of peoples without selectivity double standards politization unilateral coercive measure and military threats in Caribbean ; HRC should do its upmost to transform this aspirations into reality,"Double Standards, Military, Self Determination, UN System, Unilateral measure",,349
"September 30, 2025",HRC 60,General Debate - Item 8,Sierra Leone,AFG,Vienna principle; VDPA need to be translate in action; strengthening nhris; and peace building; recalll the nam proposition about it ,"Support, UN System",,360
"September 30, 2025",HRC 60,General Debate - Item 8,Afghanistan,APG,Talibans are dismantling VDPA principles; restriction on internet and communication ; silencing of half of the population and dissent ; VDPA supposed to provide accountability ; the council should reaffirm his commitment to Afghanistan ; ,"Accountability, UN System",,364
"September 30, 2025",HRC 60,General Debate - Item 8,Tunisia,AFG,Commitment to VDPA; Rtds ; large number of countries suffering ; strengthen cooperation and recover illicit funds; occupying entities is committed crimes ; Palestine east Jerusalem capital ;,"East Jerusalem, Illicit Founds/Asset repartition, OPT, RTD",,365
"September 30, 2025",HRC 60,General Debate - Item 8,UK,WOEG,Officially recognized the state of Palestine; ceasefire release of hostages lasting framework for peace; ,Palestinian People,,366
"September 30, 2025",HRC 60,General Debate - Item 8,India,APG,Promotion; deeply ironic some country with worst hr rate; is fabricating proofs against India  ,Promotion,,367
"October 1, 2025",HRC 60,General Debate- Item 9,Jamaica,GRULAC,"Repertory justice advancing; repatriation of 117 Jamaican of ,,, excuses from business and state; education central element of repertory justice; highlight collaboration with Glasgow university","Business, Promotion, Repertory Justice",,368
"October 1, 2025",HRC 60,General Debate- Item 9,Kuweit,APG," Fair and transparent application of the law ; focus on developping laws; raising the age of mariage; to stregnhten justice and equality ; without selectivity double standard ; sovereignty","Double Standards, OIN, Promotion, Sovereignty",,369
"October 1, 2025",HRC 60,General Debate- Item 9,"AFG, Gambia, Ghana",AFG,Legally of colonial in enforcement perpetuated discrimination ; stats of prisons ; use of ai and algorithms ; systemic injustice of criminal justice ; accountable inclusive in full respect ; entry points to implementation of recommendation,"Accountability, Ai/Algorythms, Judicial Systems",,370
"October 1, 2025",HRC 60,General Debate- Item 9,Brazil,GRULAC,Agree that systemic racism in enforced is deeply intriged ; establish secretariat of access of justice; how to use the tools ?,Racism,,371
"October 1, 2025",HRC 60,General Debate- Item 9,Tunisia,AFG,"Welcome the report; racism has to be removed no arbitrary detention and accountability *for those; racism must be eliminated; our constitution provides full equality of all and equal rights to all resident adopted morgani law to combat racial discrimination and accountability previous; outlawed racial profiling; islamophobia must be eliminated; ","Arbitrary Detention, Promotion, Racism",,372
"October 1, 2025",HRC 60,General Debate- Item 9,Colombia,GRULAC,Support of the expert mechanism ; abuses by law enforcement MUST be investigated; invitation for country visit in 2026; 09 case against ethnic minorities; input of this expert,Judicial Systems,,373
"October 1, 2025",HRC 60,General Debate- Item 9,UNICEF,UN,"Unicef = repertory justice is necessary ; dismantle systemic racism ; participation of child; ",Repertory Justice,,374
"October 1, 2025",HRC 60,General Debate- Item 9,Bolivia,GRULAC,Welcome the report and emphasis on reparatory justice; reparation strengthen society has a all; development link need to examine serious violation during colonial period; ,"Racism, Repertory Justice",,375
"October 1, 2025",HRC 60,General Debate- Item 9,Indonesia,APG,Reject systemic racism ; stem in solidarity; impact on criminal justice; and states with history of colonialism ; denial of rtds,"RTD, Racism",,376
"October 1, 2025",HRC 60,General Debate- Item 9,Malawi,AFG,Thank ohchr highlights role of state business civil society ; dismantling structures and systems perpetuated systemic racism ; process has to be grounded in international ; subscribe to the court of … state to build support ,"Business, Civil Society",,377
"October 1, 2025",HRC 60,General Debate- Item 9,Russia,EEG,Source of concern; racial profiling symptom of divides society ;requires reforms and systemic work to change public attitude; we need systematic approach,Racism,,378
"October 1, 2025",HRC 60,General Debate- Item 9,Venezuela,GRULAC,Welcome the report; socialist and humanist society ; organic law against racial discrimination ; public has a system free of charge ; unilateral coercive measure have legal impact; call out this illegal measures,"Racism, Unilateral measure",,379
"October 1, 2025",HRC 60,General Debate- Item 9,Iran,APG,Condemn all forms of racism ; support the call for implamentation the call for those 12 measure; support financial réparation ; ,Financial Reparation,,380
"October 1, 2025",HRC 60,General Debate- Item 9,China,APG,Continued and systematic including us UK and Canada ; law enforcement reforms ,"Judicial Systems, N/S",,381
"October 1, 2025",HRC 60,General Debate- Item 9,Cuba,APG,Welcome the report against the US ; the US wanting to set as paradigm of democracy denouncing others ; us only country hasn t ratified the crc ; ,"CRC, N/S",,382
"October 1, 2025",HRC 60,General Debate- Item 9,Cameroun,,Implementing the drpa ; judicial system and law enforcement system ; UN draft declaration on the right of people of African Descent,Judicial Systems,,383
"October 1, 2025",HRC 60,General Debate- Item 9,Panelist,OHCHR,Kamara : Need for consultation coordination beetwin civil society and government ; first African reparation in Nairobi ; framing used 6R principles reconnection reclame reeducation; false narrative; réparé and reform resistance; resistence of the backlash rebuilding reamaging reclame are stolen assets; ,Civil Society,,384
"October 1, 2025",HRC 60,General Debate- Item 9,Panelist,OHCHR,G. Hemmings ; formal colonial powers; best practice is truth speaking to the rightful and accurate ; not from western perspectives ; ,"Racism, West Criticism",,385
"October 1, 2025",HRC 60,General Debate- Item 9,Panelist,OHCHR,T. KEEPS SEE = ask those people for those who asked the council questions ; full cooperation of the member state ; thank those who invited country visit mention of countries ; law enforcement and criminal justice ; systemic justice is a legacy ; this is not wokeness ; liquidity and financial crisis call on state to provide money; ready for technical assistance providing services ; ,"Capacity Building/Technical Assistance, Judicial Systems, Liquidity Crisis",,386
"October 1, 2025",HRC 60,General Debate- Item 9,Paraguay,GRULAC,"Extension of law to prevent and punish; seeks to create a council and working on the first national ; guarantee the use of ai has a HR based approach ; ","Ai/Algorythms, UN System",,387
"October 1, 2025",HRC 60,General Debate- Item 9,,,Intersection of reparative justice digital justice and RTD ; ,"Ai/Algorythms, RTDs, Repertory Justice",,388
"October 1, 2025",HRC 60,General Debate- Item 9,"AFG, Ethiopia",AFG,Repertory justice in the age of ai ; elimination of algorithm bias are crucial ;,"Ai/Algorythms, Repertory Justice",,389
"October 1, 2025",HRC 60,General Debate- Item 9,Kenya,AFG,Return of stolen properties; global reparation framework ; digital equity racial bias access to technology ; Leadership by AUN  ,"Ai/Algorythms, Illicit Founds/Asset repartition",,390
"October 1, 2025",HRC 60,General Debate- Item 9,Colombia,AFG,Promotion of previous conference organization ; support the drpad,Promotion,,391
"September 12, 2025",HRC 60,Interactive Dialogue- Unilateral Coercive Measures,Alena Douhan SR on UCMs,OHCHR,Invite ILO to take an active role into the topic,,,392
"September 12, 2025",HRC 60,Interactive Dialogue- Unilateral Coercive Measures,"Iran, Nassi Sergi Secretary of The High Council of HR Iran",,"Appreciation to the report , Unlawful coercive measure are inherently inhumaine and illegitmate , service preliates to war and use of force, if they fail it opens the way of military operetion, impact on health food , sanctions accomplished through years of raw and silent devastations , all of this crimes serves what is promoted has lawful international order;  that replaces unviersal princpals",Unilateral measure,,393
"September 12, 2025",HRC 60,Interactive Dialogue- Unilateral Coercive Measures,EU,,"Friend form adopting adopting and implementing legal unilateral measures ; We reject that all of them are contrary to international law and negatively impacting enjoyment of HR , EU Sanction are response to serious violations of international law and not an end themselves ;  when diplomatic ways are failed sanctions are a measure of last resort ,  Decided on case by case and regularly reviewed;  challenge before the court of Justice of the EU, UN sanctions always come first but when security council is enable to act , the  EU takes the responsibility to Act, it is not the sanctions that provide from enjoyement of HR it is the wrongful conduct that they tend to address , commited to mitigate unintended impacts and over complience ; allow relevent actors to engage in transaction with listed entities",Unilateral measure,,394
"September 12, 2025",HRC 60,Interactive Dialogue- Unilateral Coercive Measures,"AFG, Ghana",,"Imposition of UCMs is contrary to the principles of UN Charter; promotion and protection of HR and the spirit of international cooperation,  This measure quiete often claim to target individuales or entities; but in reality obstract the full enjoyement of HR.  Have far reaching consequences on the population particularly the poor and vulnerable. African governements benefits from multilateralisms and  International Cooperation. UCMs undermine the global trading system and restrict access financing and investments opportunities,  Overcompliance disrupt access to good and services that are essential for inner economy to function,  ectraterritorial application undermind international solidarity, regional integration trade and investment cooperation, harm women and children ,  AFG categorically reject the use of UCMs and call state to demonstrate solidarity",Unilateral measure,,395
"September 12, 2025",HRC 60,Interactive Dialogue- Unilateral Coercive Measures,"Group of Friends, Venezuela",,"UCMs instrument of political economic financial coercion for countries are illegal; blatent violation of UN Charter principles and violation of international law; establishing poverety, UCMs are crime against humanity, massive violations of HR, RTDs fianancial and technical assistance and capacity building and appropriate level of standard of living; 4th of december declared by UN as international day against UCMs, Urges states to abstain promotion of this measures having any any aim at UCMS financial commercial",Unilateral measure,,396
"September 12, 2025",HRC 60,Interactive Dialogue- Unilateral Coercive Measures,Cuba,,"Nature of UCMs have ramifications for third countries, disproportionate impact on economy create obstacles to entrepreneurship,  This means that the country has been placed on  a list as well on country supposedly participating and sponsoring terrorism, denounce the campaign the US to discredit our international medical cooperation campaign including visa keeping, manipulations of human rights to justifi UCMs is a form of discrimination an interference in internal affairs and a threats to determination,  what action could be taken by HRC to lobby for and raise visibility around",Unilateral measure,,397
"September 12, 2025",HRC 60,Interactive Dialogue- Unilateral Coercive Measures,Russia,,"Despite the condemnation that UCMs has been ruled illegal western countries continues to use them has a political tool against countries that follow their own sovereign way, collective punishment for the population, impact are worst felt in the economic labor and social affairs , people within vulnerable population , support the recommendations of breaking out the system , comprehensive support to the mandate.",Unilateral measure,,398
"September 12, 2025",HRC 60,Interactive Dialogue- Unilateral Coercive Measures,Zimbabwe,,Appreciate insight of UCMs on employment rate salaries and job opportunities ;  Zimbabwe experiences ;  Development Agenda impacted as well as SDGs achievement ; Call for lifting all UCMs and reiterate call for UN to monitor and report impact of  UCMs  secondary sanctions and Overcompliance,Unilateral measure,,399
"September 12, 2025",HRC 60,Interactive Dialogue- Unilateral Coercive Measures,Belarus,,"Convincing argument regarding unlawful nature of sanctions which involve confiscation of citizen properties overcompliance for banks ; unemployment inflation right to labor, broad economic consequences for countries affected third countries and countries that initiated it , destroy economic right ; we share concern of the SR including the standing of the document has certain international organizations has legitimizing or justifying  UCMs we commend their professionalism, ",Unilateral measure,,400
"September 12, 2025",HRC 60,Interactive Dialogue- Unilateral Coercive Measures,Venezuela,,"Grateful for presentation of report; support for the mandate ; Venezuela has report said violation by the US against a country in a number of times this have had manifestations in UCMs , discrediting campaigns and undermining our legitimate institutions; represent a non precedented threat; including military interferences; devastating impact on the economy led to a  drop on GDP , depraving the ability to access key resources; despite this we develop policies that led to growth US imposed military forces to destabilize the country and entire GRULAC, US is using interfering policy as a form of unconventional war a direct military threat for regime change , we urge this council to condemn use of UCMs",Unilateral measure,,401
"September 12, 2025",HRC 60,Interactive Dialogue- Unilateral Coercive Measures,Erythree,,"Analysis of cumulative sanctions secondary measures and overcompliance , this measure do not operate in isolation, create long running effects that weaken states capacity spilling over  third and sanctioning states . this is a leaved reality banking restrictions block transfers procurement obstacles and effect on trade and investment reduce tax system and state ability to provide services ; overcompliance , account closure and high costs further cut citizens of from basics, data on poverty and wages illustrate the constraints on wage policy under sanction. welcome the data tool and urge the UN system to make sure it is inclusive transparent and funded, the council should end normalization of such measures",Unilateral measure,,402
"September 12, 2025",HRC 60,Interactive Dialogue- Unilateral Coercive Measures,Mozambique,,"Deeply concern of finding of the report that reveal how such measure restrict the ability of state to fulfill economic social and labor right create barriers that undermine the development and humanitarian effort concern disproportionate impact on woman children and minority, cause  states are unable to deliver services ; Our position is that the UCM’s not authorized by the UN security council violate international law sovereignty and HR, call on states to  refrain from imposing and measure and support measure lifting sanctions",Unilateral measure,,403
"September 12, 2025",HRC 60,Interactive Dialogue- Unilateral Coercive Measures,Brazil,,"Adverse effect of UCMs vulnerable groups are being deprived of numerous rights including food health education and adequate housing ; consistently condemned UCMs has they violate international law and HR, today we are witnessing a new form of UCMs targeting institutions and independence of the judiciary has well as the international order based on international law and hr system such measure not only unlawful but inconsistent  with international obligations of sanctioning state has they disregard their obligations sovereignty non intervention and human rights,  UCMs targeting institutions can have a long term impact how to incorporate this perspective into your work",Unilateral measure,,404
"September 12, 2025",HRC 60,Interactive Dialogue- Unilateral Coercive Measures,State of Palestine,,"Recognized obligations when breaches but applied selectively weaponized politicized becoming tools of domination, instead of deterring violations,  punish vulnerable violation target un officers shielding those responsible for atrocity crimes ; the US are complice and genocidal; impose sanctions on Israel urge to raise your voice on double standards ",Unilateral measure,,405
"September 12, 2025",HRC 60,Interactive Dialogue- Unilateral Coercive Measures,Togo,,"Highlight umanitarian consequonces and concerns by the findings  that this measures beyond political goals put a break on the fundamental right, SDGs undermining vulnerabilities ; food medicine care and education, commitmnt to un charter and sovereignty of states as well as avoiding recourse to force and peaceful settlements of differences UCMs undermine multilateralism, international order , major obstacle to SDGs disturbing supply chains threatening food security and compromise decades of progress",Unilateral measure,,406
"September 12, 2025",HRC 60,Interactive Dialogue- Unilateral Coercive Measures,Sudan,,"Negative impact on social economic and cultural rights;  in line with UN Charter the security council is the only on able impose those , they are used selectively and do not respect collective rights, call for help for limited impact and help for the people of sudan to reach peace and security",Unilateral measure,,407
"September 12, 2025",HRC 60,Interactive Dialogue- Unilateral Coercive Measures,"AFG, Malawi",,Agree with SR report that multiple sanctions regime secondary sanctions and overcompliance  produce cumulative effect and wide implications on the economy of and economy rights  of targeted countries thirds countries and sanctionary state ; impact takes the form of sectorious sectors such has gold mining sector in Zimbabwe; call for the lifting on sanctions on Zimbabwe has it has effects on country and region,Unilateral measure,,408
"September 12, 2025",HRC 60,Interactive Dialogue- Unilateral Coercive Measures,"AFG, South Africa",,"Persistant and proliferation of UCMs, undermine the principle of international law and multilaterals and sovereignty equality; measure imposed without UN affect the vulnerable; erode the economic and social right of the population ; greater transparency , dialogue and cooperation , in addressing the unintended humanitarian  consequences ; rtd must not be held hostage to unilateral agendas ; lift all measures that contravene international law and  hinder the realization of SDGs commitment to rule based international agenda",Unilateral measure,,409
"September 12, 2025",HRC 60,Interactive Dialogue- Unilateral Coercive Measures,Ethiopia,,"By directly affecting economy the measures undermine economic level and social rights wide ranging spill of effect and countries reduce the capacity of states to mobilize resources for HR state primary responsibility to uphold hr in their jurisdiction UCMs restrain their ability to do so , fostering condition for under development and humanitarian need weaken national institution erode public trust in multilateral system disrupt regional cooperation undermine solidarity and equal sovereignty; we urge the humanitarian assistance never be criminalized or obstruct responsibility of state prevent compliance by private actors and call for reform of the global financial article 3(2) promote equity accountability and respect ",Unilateral measure,,410
"September 12, 2025",HRC 60,Interactive Dialogue- Unilateral Coercive Measures,Cambodgia,,"Affect of vulnerable groups ; enormous impact ; direct and indirect of economy labor and social rights ; pillowing effect for third state sanctioning state and population;  tool db significant milestone importance of dialogue and cooperation urge state to refrain for promotion and application of UCMs has this impede full achievement of economic and social development ",Unilateral measure,,411
"September 12, 2025",HRC 60,Interactive Dialogue- Unilateral Coercive Measures,Egypt,,"Impact of right to work of all HR any punitive measures should be implemented in full compliance with international and charter reaffirm rejection of the use of such measure as a tool for political or economic pressure distinguish UCM and governmental decisions taken for national security concerns especially in face of terrorism crimes and attempts to destabilize national security, move for palestine",Unilateral measure,,412
"September 12, 2025",HRC 60,Interactive Dialogue- Unilateral Coercive Measures,Maleysia,,"destroy economy undermine labor protection and weaken social safeness , vulnerable groups , supply chain erodes fair trade  create long terms inequality delivery to humanitarian ucms contrary to UN Charter and RTDs dispute resolution dialogue and collaboration , hinder the achievement of SDGs ",Unilateral measure,,413
"September 12, 2025",HRC 60,Interactive Dialogue- Unilateral Coercive Measures,"AFG, Tchad",,"Application of the resolution 54/15 highlights the impacts of UCMs , Concern the legislation recently adapted by countries to legitimize the adoption of frozen assets violates international in particular standards against the immunity of states and equality between states, states bear the primarily responsibility for upholding the economic and social right within their limits of available resources calls on dialogue promotion and dialogue ",Unilateral measure,,414
"September 12, 2025",HRC 60,Interactive Dialogue- Unilateral Coercive Measures,Armenia,,"economic social and cultural rights as well as labor and technology that they are instances and impact, any measures should be grounded on charter in international law multilateralism UCM can effect third countries our countries is one of them sensitive to disruptions in trade trade financial transactions  and supply chains affecting vulnerable groups undermining sdgs; maintain humanitarian exemptions ; ",Unilateral measure,,415
"September 12, 2025",HRC 60,Interactive Dialogue- Unilateral Coercive Measures,Algeria,,Grateful for the report share comments on impact economics labor and social rights on vulnerable groups refugees; contrary to un charter go against interference weaken economies spread poverties undermine sdg call to be lifted ; particularly goods traffic health provision ; urge to continue work on supplychain,Unilateral measure,,416
"September 12, 2025",HRC 60,Interactive Dialogue- Unilateral Coercive Measures,Irak,,"grateful for report highlights we ve taken notes in particular in sphere of  rtd labor right and social security these undermine trade investment and increase inflation health education food ; damage for third states, persue peacful avenue in line to international law, have data from official sources undertake more precise relation and more objective conclusions",Unilateral measure,,417
"September 12, 2025",HRC 60,Interactive Dialogue- Unilateral Coercive Measures,China,,"Undermine international economic trade threaten food, jeopardize right to life and development ; more effort made in this field  ,  end to UCMs and accountability; defend sovereign equality and respect, lobby for human approach to build an international system more appropriate for all ",Unilateral measure,,418
"September 12, 2025",HRC 60,Interactive Dialogue- Unilateral Coercive Measures,Libya,,"Share the cumulative impacts on the economy and economy and social rights undermine combats against poverty access to health and dignified life UCM prevent targeted states from ensuring HR and SDGS , all measure of this kind should be coherent with international law and must not bring pressure ",Unilateral measure,,419
"September 12, 2025",HRC 60,Interactive Dialogue- Unilateral Coercive Measures,,,"Impacts cannot be denied any longer, agree with EU not all unilateral means of pressure constitute UCMs but the only measure that are allowed according to international law shall not violate any international obligations by the states all they can be taken is counter measures and in accordance with HR therefore 98 99 percent constitutes UCMs and are illegal, principle of sovereign equality and non intervention sates are not free to decide how to behave if the UN security council is ineffective ref. EU, it cannot be used to justifies : states are entitled to take measures that are legal under international law authorized by the security council, according to the principle of equality of law there is no state that can decide if another one is a bad one or doesn't deserve to take is own decisions ; Access of justice are not protected (2024 ) even access to the court and access to international arbitration is limited as lawyers are scared to represent cases has this decisions have been prohibited to be enforced at the national levels in the eu  and recently not only to judicial decisions but to international arbitrations,  has for the initiative the first is monitoring tool , attention to the impact at the un ilo who un treaty bodies and many other ; the only solution is if we bring back the rule of law at the table of settlement of international disputes and settlement of disagreements between states finalize the work to the development of commentary to the guiding princples of Business and HR",Unilateral measure,,420
"September 19, 2025",HRC 60,General Debate- Item 3,Indonesia,APG,Palestinian People,Palestinian People,,347
"September 19, 2025",HRC 60,General Debate- Item 3,Uganda,AFG,Right to development;  Provide equal treatment for the ICCPR ; prioritize the right to development support the resolution of the extend the mandate for the sr ;  ohchr should not interfer into internal affairs,"ICCPR, RTD, Sovereignty, UN System",,427
"September 19, 2025",HRC 60,General Debate- Item 3,Uruguay,GRULAC,right of the child ratified and optional protocol,CRC,,428
"September 19, 2025",HRC 60,General Debate- Item 3,Senegal,AFG, global promotion ,Promotion,,429
"September 19, 2025",HRC 60,General Debate- Item 3,"EU, Lithuania, Lublin Triangle","EEG, WOEG",Right of the child ,"CRC, Ukrainian Children",,430